-- Defining what the entries and numbers are. Change if something overwrites something in your database

SET @TELENPC := 100000; -- # (1)
SET @GOPTION := 30000; -- # (9)
SET @GMENU := @GOPTION; -- # (9) Changes as Goption changes
SET @GSCRIPT := 30000; -- # (130)
SET @NPCTXT := 300000; -- # (5)

-- Delete code (For re running)

DELETE FROM creature_template WHERE entry=@TELENPC;
DELETE FROM gossip_menu WHERE entry=@GMENU OR entry=@GMENU+1 OR entry=@GMENU+2 OR entry=@GMENU+3 OR entry=@GMENU+4 OR entry=@GMENU+5 OR entry=@GMENU+6 OR entry=@GMENU+7 OR entry=@GMENU+8;
DELETE FROM gossip_menu_option WHERE menu_id=@GOPTION OR menu_id=@GOPTION+1 OR menu_id=@GOPTION+2 OR menu_id=@GOPTION+3 OR menu_id=@GOPTION+4 OR menu_id=@GOPTION+5 OR menu_id=@GOPTION+6 OR menu_id=@GOPTION+7 OR menu_id=@GOPTION+8;
DELETE FROM gossip_scripts WHERE id>@GSCRIPT-1 AND id<@GSCRIPT+135;
DELETE FROM npc_text WHERE ID=@NPCTXT OR ID=@NPCTXT+1 OR ID=@NPCTXT+2 OR ID=@NPCTXT+3 OR ID=@NPCTXT+4;
DELETE FROM conditions WHERE SourceTypeOrReferenceId=15 AND SourceGroup>=@GOPTION AND SourceGroup<=@GOPTION+6 AND ConditionTypeOrReference=6 AND (ConditionValue1=469 OR ConditionValue1=67);
DELETE FROM conditions WHERE SourceTypeOrReferenceId=14 AND SourceGroup=@GMENU AND (SourceEntry=@NPCTXT+1 OR SourceEntry=@NPCTXT) AND ConditionTypeOrReference=6 AND (ConditionValue1=469 OR ConditionValue1=67);

-- TeleNPC

INSERT INTO creature_template (entry,modelid1,modelid2,name,IconName,gossip_menu_id,minlevel,maxlevel,Health_mod,Mana_mod,Armor_mod,faction_A,faction_H,npcflag,speed_walk,speed_run,scale,rank,dmg_multiplier,unit_class,unit_flags,type,type_flags,InhabitType,RegenHealth,flags_extra) 
VALUES (@TELENPC,21572,21572,'Мастер Телепортации','Directions',@GMENU,71,71,1.56,1.56,1.56,35,35,3,1,1.14286,1.25,1,1,1,2,7,138936390,3,1,2);

-- Linking texts to the menus

INSERT INTO gossip_menu (entry, text_id) 
VALUES (@GMENU+4, @NPCTXT+3),
(@GMENU+3, @NPCTXT+2),
(@GMENU+2, @NPCTXT+2),
(@GMENU+1, @NPCTXT+2),
(@GMENU+8, @NPCTXT+4),
(@GMENU+7, @NPCTXT+4),
(@GMENU+6, @NPCTXT+4),
(@GMENU+5, @NPCTXT+4),
(@GMENU, @NPCTXT+1),
(@GMENU, @NPCTXT);

-- Gossip and gossip menu conditions

INSERT INTO conditions (SourceTypeOrReferenceId, SourceGroup, SourceEntry, ConditionTypeOrReference, ConditionValue1, Comment) 
VALUES (15, @GOPTION, 1, 6, 469, 'Stormwind'),
(15, @GOPTION+5, 2, 6, 469, 'Dun Morogh'),
(15, @GOPTION+5, 3, 6, 67, 'Tirisfal Glades'),
(15, @GOPTION+5, 4, 6, 67, 'Ghostlands'),
(15, @GOPTION+5, 5, 6, 469, 'Loch modan'),
(15, @GOPTION+5, 6, 6, 67, 'Silverpine Forest'),
(15, @GOPTION+5, 7, 6, 469, 'Westfall'),
(15, @GOPTION+5, 8, 6, 469, 'Redridge mountains'),
(15, @GOPTION+5, 9, 6, 469, 'Duskwood'),
(15, @GOPTION+5, 11, 6, 469, 'Wetlands'),
(15, @GOPTION+6, 0, 6, 469, 'Azuremyst Isle'),
(15, @GOPTION+6, 1, 6, 469, 'Teldrassil'),
(15, @GOPTION+6, 2, 6, 67, 'Durotar'),
(15, @GOPTION+6, 3, 6, 67, 'Mulgore'),
(15, @GOPTION+6, 4, 6, 469, 'Bloodmyst Isle'),
(15, @GOPTION+6, 5, 6, 469, 'Darkshore'),
(15, @GOPTION+6, 6, 6, 67, 'The Barrens'),
(15, @GOPTION+5, 1, 6, 67, 'Eversong Woods'),
(15, @GOPTION+5, 0, 6, 469, 'Elwynn Forest'),
(15, @GOPTION, 2, 6, 67, 'Orgrimmar'),
(15, @GOPTION, 3, 6, 469, 'Darnassus'),
(15, @GOPTION, 4, 6, 469, 'Ironforge'),
(15, @GOPTION, 5, 6, 469, 'Exodar'),
(15, @GOPTION, 6, 6, 67, 'Thunder bluff'),
(15, @GOPTION, 7, 6, 67, 'Undercity'),
(15, @GOPTION, 8, 6, 67, 'Silvermoon city'),
(15, @GOPTION+1, 2, 6, 469, 'The Stockade'),
(15, @GOPTION+1, 3, 6, 67, 'Ragefire Chasm'),
(15, @GOPTION+6, 9, 6, 67, 'Thousand Needles'),
(14, @GMENU, @NPCTXT+1, 6, 469, 'For the Alliance'),
(14, @GMENU, @NPCTXT, 6, 67, 'For ы Horde');

-- Gossip options

INSERT INTO gossip_menu_option (menu_id, id, option_icon, option_text, option_id, npc_option_npcflag, action_menu_id, action_poi_id, action_script_id, box_coded, box_money, box_text) 
VALUES (@GOPTION, 1, 2, 'Штормград', 1, 1, @GOPTION, 0, @GSCRIPT, 0, 0, 'Вы уверены, что вы хотите попасть в Штормград?'),
(@GOPTION, 2, 2, 'Оргриммар', 1, 1, @GOPTION, 0, @GSCRIPT+1, 0, 0, 'Вы уверены, что вы хотите попасть в Оргриммар?'),
(@GOPTION, 3, 2, 'Дарнас', 1, 1, @GOPTION, 0, @GSCRIPT+8, 0, 0, 'Вы уверены, что вы хотите попасть в Дарнас?'),
(@GOPTION, 4, 2, 'Стальгорн', 1, 1, @GOPTION, 0, @GSCRIPT+9, 0, 0, 'Вы уверены, что вы хотите попасть в Стальгорн?'),
(@GOPTION, 5, 2, 'Эксодар', 1, 1, @GOPTION, 0, @GSCRIPT+10, 0, 0, 'Вы уверены, что вы хотите попасть в Эксодар?'),
(@GOPTION, 6, 2, 'Громовой утес', 1, 1, @GOPTION, 0, @GSCRIPT+11, 0, 0, 'Вы уверены, что вы хотите попасть на Громовой утес?'),
(@GOPTION, 7, 2, 'Подгород', 1, 1, @GOPTION, 0, @GSCRIPT+12, 0, 0, 'Вы уверены, что вы хотите попасть в Подгород?'),
(@GOPTION, 8, 2, 'Луносвет', 1, 1, @GOPTION, 0, @GSCRIPT+13, 0, 0, 'Вы уверены, что вы хотите попасть в Луносвет?'),
(@GOPTION, 9, 2, 'Даларан', 1, 1, @GOPTION, 0, @GSCRIPT+5, 0, 0, 'Вы уверены, что вы хотите попасть в Даларан?'),
(@GOPTION, 10, 2, 'Шаттрат', 1, 1, @GOPTION, 0, @GSCRIPT+3, 0, 0, 'Вы уверены, что вы хотите попасть в Шаттрат?'),
(@GOPTION, 11, 2, 'Пиратская бухта', 1, 1, @GOPTION, 0, @GSCRIPT+2, 0, 0, 'Вы уверены, что вы хотите попасть в Пиратскую бухту?'),
(@GOPTION, 12, 2, 'Арена Гурубаши', 1, 1, @GOPTION, 0, @GSCRIPT+6, 0, 0, 'Вы уверены, что вы хотите попасть на Арену Гурубаши?'),
(@GOPTION, 13, 3, 'Восточные королевства', 1, 1, @GOPTION+5, 0, 0, 0, 0, NULL),
(@GOPTION, 14, 3, 'Калимдор', 1, 1, @GOPTION+6, 0, 0, 0, 0, NULL),
(@GOPTION, 15, 3, 'Запределье', 1, 1, @GOPTION+7, 0, 0, 0, 0, NULL),
(@GOPTION, 16, 3, 'Нордскол', 1, 1, @GOPTION+8, 0, 0, 0, 0, NULL),
(@GOPTION, 17, 9, 'Классические подземелья', 1, 1, @GOPTION+1, 0, 0, 0, 0, NULL),
(@GOPTION, 18, 9, 'Подземелья BC', 1, 1, @GOPTION+2, 0, 0, 0, 0, NULL),
(@GOPTION, 19, 9, 'Подземелья WotLK', 1, 1, @GOPTION+3, 0, 0, 0, 0, NULL),
(@GOPTION, 20, 9, 'Рейдовые телепоры', 1, 1, @GOPTION+4, 0, 0, 0, 0, NULL),
(@GOPTION+1, 0, 2, 'Гномреган', 1, 1, 0, 0, @GSCRIPT+14, 0, 0, 'Вы уверены, что вы хотите попасть в Гномреган?'),
(@GOPTION+1, 1, 2, 'Мертвые копи', 1, 1, 0, 0, @GSCRIPT+15, 0, 0, 'Вы уверены, что вы хотите попасть в Мертвые копи?'),
(@GOPTION+1, 2, 2, 'Тюрьма', 1, 1, 0, 0, @GSCRIPT+16, 0, 0, 'Вы уверены, что вы хотите попасть в Тюрьму?'),
(@GOPTION+1, 3, 2, 'Огненная пропасть', 1, 1, 0, 0, @GSCRIPT+17, 0, 0, 'Вы уверены, что вы хотите попасть в Огненная пропасть?'),
(@GOPTION+1, 4, 2, 'Лабиринты Иглошкурых', 1, 1, 0, 0, @GSCRIPT+18, 0, 0, 'Вы уверены, что вы хотите попасть в Лабиринты Иглошкурых?'),
(@GOPTION+1, 5, 2, 'Курганы иглошкурых', 1, 1, 0, 0, @GSCRIPT+19, 0, 0, 'Вы уверены, что вы хотите попасть в Курганы иглошкурых?'),
(@GOPTION+1, 6, 2, 'Монастырь Алого ордена', 1, 1, 0, 0, @GSCRIPT+20, 0, 0, 'Вы уверены, что вы хотите попасть в Монастырь Алого ордена?'),
(@GOPTION+1, 7, 2, 'Крепость Темного клыка', 1, 1, 0, 0, @GSCRIPT+21, 0, 0, 'Вы уверены, что вы хотите попасть в Крепость Темного клыка?'),
(@GOPTION+1, 8, 2, 'Пещеры стенаний', 1, 1, 0, 0, @GSCRIPT+22, 0, 0, 'Вы уверены, что вы хотите попасть в Пещеры стенаний?'),
(@GOPTION+1, 9, 2, 'Непроглядная пучина', 1, 1, 0, 0, @GSCRIPT+23, 0, 0, 'Вы уверены, что вы хотите попасть в Непроглядную пучину?'),
(@GOPTION+1, 10, 2, 'Глубины Черной горы', 1, 1, 0, 0, @GSCRIPT+24, 0, 0, 'Вы уверены, что вы хотите попасть в Глубины Черной горы?'),
(@GOPTION+1, 11, 2, 'Пик Черной горы', 1, 1, 0, 0, @GSCRIPT+25, 0, 0, 'Вы уверены, что вы хотите попасть на Пик Черной горы?'),
(@GOPTION+1, 12, 2, 'Забытый Город', 1, 1, 0, 0, @GSCRIPT+26, 0, 0, 'Вы уверены, что вы хотите попасть в Забытый город?'),
(@GOPTION+1, 13, 2, 'Мародон', 1, 1, 0, 0, @GSCRIPT+27, 0, 0, 'Вы уверены, что вы хотите попасть в Мародон?'),
(@GOPTION+1, 14, 2, 'Некроситет', 1, 1, 0, 0, @GSCRIPT+28, 0, 0, 'Вы уверены, что вы хотите попасть в Некроситет?'),
(@GOPTION+1, 15, 2, 'Стратхольм', 1, 1, 0, 0, @GSCRIPT+29, 0, 0, 'Вы уверены, что вы хотите попасть в Стратхольм?'),
(@GOPTION+1, 16, 2, 'Храм Атал\'Хаккара', 1, 1, 0, 0, @GSCRIPT+30, 0, 0, 'Вы уверены, что вы хотите попасть в Храм Атал\'Хаккара?'),
(@GOPTION+1, 17, 2, 'Ульдаман', 1, 1, 0, 0, @GSCRIPT+31, 0, 0, 'Вы уверены, что вы хотите попасть в Ульдаман?'),
(@GOPTION+1, 18, 2, 'Зуль\'Фаррак', 1, 1, 0, 0, @GSCRIPT+32, 0, 0, 'Вы уверены, что вы хотите попасть в Зуль\'Фаррак?'),
(@GOPTION+1, 19, 7, 'Назад...', 1, 1, @GOPTION, 0, 0, 0, 0, NULL),
(@GOPTION+2, 0, 2, 'Аункидоин', 1, 1, 0, 0, @GSCRIPT+33, 0, 0, 'Вы уверены, что вы хотите попасть в Аункидоин?'),
(@GOPTION+2, 1, 2, 'Пещеры времени', 1, 1, 0, 0, @GSCRIPT+34, 0, 0, 'Вы уверены, что вы хотите попасть в Пещеры времени?'),
(@GOPTION+2, 2, 2, 'Резервуар Кривого клыка', 1, 1, 0, 0, @GSCRIPT+35, 0, 0, 'Вы уверены, что вы хотите попасть в Резервуар Кривого клыка?'),
(@GOPTION+2, 3, 2, 'Цитадель Адского Пламени', 1, 1, 0, 0, @GSCRIPT+36, 0, 0, 'Вы уверены, что вы хотите попасть в Цитадель Адского Пламени?'),
(@GOPTION+2, 4, 2, 'Терраса Магистров', 1, 1, 0, 0, @GSCRIPT+37, 0, 0, 'Вы уверены, что вы хотите попасть на Террасу Магистров?'),
(@GOPTION+2, 5, 2, 'Крепость Бурь', 1, 1, 0, 0, @GSCRIPT+38, 0, 0, 'Вы уверены, что вы хотите попасть в Крепость Бурь?'),
(@GOPTION+2, 6, 7, 'Назад...', 1, 1, @GOPTION, 0, 0, 0, 0, NULL),
(@GOPTION+3, 0, 2, 'Азжол-Неруб', 1, 1, 0, 0, @GSCRIPT+39, 0, 0, 'Вы уверены, что вы хотите попасть в Азжол-Неруб?'),
(@GOPTION+3, 1, 2, 'Пещеры времени: Очищение Стратхольма', 1, 1, 0, 0, @GSCRIPT+40, 0, 0, 'Вы уверены, что вы хотите попасть в Пещеры времени: Очищение Стратхольма?'),
(@GOPTION+3, 2, 2, 'Испытание Чемпиона', 1, 1, 0, 0, @GSCRIPT+41, 0, 0, 'Вы уверены, что вы хотите попасть на Испытание Чемпиона?'),
(@GOPTION+3, 3, 2, 'Крепость Драк\'Тарон', 1, 1, 0, 0, @GSCRIPT+42, 0, 0, 'Вы уверены, что вы хотите попасть в Крепость Драк\'Тарон?'),
(@GOPTION+3, 4, 2, 'Гундрак', 1, 1, 0, 0, @GSCRIPT+43, 0, 0, 'Вы уверены, что вы хотите попасть в Гундрак?'),
(@GOPTION+3, 5, 2, 'Подземелья Ледяной Короны', 1, 1, 0, 0, @GSCRIPT+44, 0, 0, 'Вы уверены, что вы хотите попасть в Подземелья Ледяной Короны?'),
(@GOPTION+3, 6, 2, 'Нексус', 1, 1, 0, 0, @GSCRIPT+45, 0, 0, 'Вы уверены, что вы хотите попасть в Нексус?'),
(@GOPTION+3, 7, 2, 'Аметистовая крепость', 1, 1, 0, 0, @GSCRIPT+46, 0, 0, 'Вы уверены, что вы хотите попасть в Аметистовую крепость?'),
(@GOPTION+3, 8, 2, 'Чертоги молний', 1, 1, 0, 0, @GSCRIPT+47, 0, 0, 'Вы уверены, что вы хотите попасть в Чертоги молний?'),
(@GOPTION+3, 9, 2, 'Чертоги камня', 1, 1, 0, 0, @GSCRIPT+48, 0, 0, 'Вы уверены, что вы хотите попасть в Чертоги камня?'),
(@GOPTION+3, 10, 2, 'Крепость Утгард', 1, 1, 0, 0, @GSCRIPT+49, 0, 0, 'Вы уверены, что вы хотите попасть в Крепость Утгард?'),
(@GOPTION+3, 11, 2, 'Вершина Утгард', 1, 1, 0, 0, @GSCRIPT+50, 0, 0, 'Вы уверены, что вы хотите попасть на Вершину Утгард?'),
(@GOPTION+3, 12, 7, 'Назад...', 1, 1, @GOPTION, 0, 0, 0, 0, NULL),
(@GOPTION+4, 0, 2, 'Черный храм', 1, 1, 0, 0, @GSCRIPT+51, 0, 0, 'Вы уверены, что вы хотите попасть в Черный храм?'),
(@GOPTION+4, 1, 2, 'Логово крыла тьмы', 1, 1, 0, 0, @GSCRIPT+52, 0, 0, 'Вы уверены, что вы хотите попасть в Логово крыла тьмы?'),
(@GOPTION+4, 2, 2, 'Вершина Хиджала', 1, 1, 0, 0, @GSCRIPT+53, 0, 0, 'Вы уверены, что вы хотите попасть на Вершину Хиджала?'),
(@GOPTION+4, 3, 2, 'Змеиное святилище', 1, 1, 0, 0, @GSCRIPT+54, 0, 0, 'Вы уверены, что вы хотите попасть в Змеиное святилище?'),
(@GOPTION+4, 4, 2, 'Испытание крестоносца', 1, 1, 0, 0, @GSCRIPT+55, 0, 0, 'Вы уверены, что вы хотите попасть на Испытание крестоносца?'),
(@GOPTION+4, 5, 2, 'Логово Груула', 1, 1, 0, 0, @GSCRIPT+56, 0, 0, 'Вы уверены, что вы хотите попасть в Логово Груула?'),
(@GOPTION+4, 6, 2, 'Логово Матгеридона', 1, 1, 0, 0, @GSCRIPT+57, 0, 0, 'Вы уверены, что вы хотите попасть в Логово Матгеридона?'),
(@GOPTION+4, 7, 2, 'Цитадель Ледяной Короны', 1, 1, 0, 0, @GSCRIPT+58, 0, 0, 'Вы уверены, что вы хотите попасть в Цитадель Ледяной Короны?'),
(@GOPTION+4, 8, 2, 'Каражан', 1, 1, 0, 0, @GSCRIPT+59, 0, 0, 'Вы уверены, что вы хотите попасть в Каражан?'),
(@GOPTION+4, 9, 2, 'Огненные недра', 1, 1, 0, 0, @GSCRIPT+60, 0, 0, 'Вы уверены, что вы хотите попасть в Огненные недра?'),
(@GOPTION+4, 10, 2, 'Наксрамас', 1, 1, 0, 0, @GSCRIPT+61, 0, 0, 'Вы уверены, что вы хотите попасть в Наксрамас?'),
(@GOPTION+4, 11, 2, 'Логово Ониксии', 1, 1, 0, 0, @GSCRIPT+62, 0, 0, 'Вы уверены, что вы хотите попасть в Логово Ониксии?'),
(@GOPTION+4, 12, 2, 'Руины Ан\'Киража', 1, 1, 0, 0, @GSCRIPT+63, 0, 0, 'Вы уверены, что вы хотите попасть в Руины Ан\'Киража'),
(@GOPTION+4, 13, 2, 'Плато солнечного колодца', 1, 1, 0, 0, @GSCRIPT+64, 0, 0, 'Вы уверены, что вы хотите попасть на Плато солнечного колодца?'),
(@GOPTION+4, 14, 2, 'Око', 1, 1, 0, 0, @GSCRIPT+65, 0, 0, 'Вы уверены, что вы хотите попасть в Око?'),
(@GOPTION+4, 15, 2, 'Храм Ан\'Кираж', 1, 1, 0, 0, @GSCRIPT+66, 0, 0, 'Вы уверены, что вы хотите попасть в Храм Ан\'Кираж?'),
(@GOPTION+4, 16, 2, 'Око вечности', 1, 1, 0, 0, @GSCRIPT+67, 0, 0, 'Вы уверены, что вы хотите попасть в Око вечности?'),
(@GOPTION+4, 17, 2, 'Обсидиановое святилище', 1, 1, 0, 0, @GSCRIPT+68, 0, 0, 'Вы уверены, что вы хотите попасть в Обсидиановое святилище?'),
(@GOPTION+4, 18, 2, 'Ульдуар', 1, 1, 0, 0, @GSCRIPT+69, 0, 0, 'Вы уверены, что вы хотите попасть в Ульдуар?'),
(@GOPTION+4, 19, 2, 'Склеп Аркавона', 1, 1, 0, 0, @GSCRIPT+70, 0, 0, 'Вы уверены, что вы хотите попасть в Склеп Аркавона?'),
(@GOPTION+4, 21, 2, 'Зул\'Гуруб', 1, 1, 0, 0, @GSCRIPT+72, 0, 0, 'Вы уверены, что вы хотите попасть в Зул\'Гуруб?'),
(@GOPTION+4, 22, 2, 'Зул\'Аман', 1, 1, 0, 0, @GSCRIPT+73, 0, 0, 'Вы уверены, что вы хотите попасть в Зул\'Аман?'),
(@GOPTION+4, 23, 7, 'Назад...', 1, 1, @GOPTION, 0, 0, 0, 0, NULL),
(@GOPTION+5, 0, 2, 'Элвиннский Лес', 1, 1, 0, 0, @GSCRIPT+74, 0, 0, 'Вы уверены, что вы хотите попасть в Элвиннский Лес?'),
(@GOPTION+5, 1, 2, 'Леса Вечной Песни', 1, 1, 0, 0, @GSCRIPT+75, 0, 0, 'Вы уверены, что вы хотите попасть в Леса Вечной Песни?'),
(@GOPTION+5, 2, 2, 'Дун Морог', 1, 1, 0, 0, @GSCRIPT+76, 0, 0, 'Вы уверены, что вы хотите попасть в Дун Морог?'),
(@GOPTION+5, 3, 2, 'Тирисфальские Леса', 1, 1, 0, 0, @GSCRIPT+77, 0, 0, 'Вы уверены, что вы хотите попасть в Тирисфальские Леса?'),
(@GOPTION+5, 4, 2, 'Призрачные Земли', 1, 1, 0, 0, @GSCRIPT+78, 0, 0, 'Вы уверены, что вы хотите попасть в Призрачные Земли?'),
(@GOPTION+5, 5, 2, 'Лок Модан', 1, 1, 0, 0, @GSCRIPT+79, 0, 0, 'Вы уверены, что вы хотите попасть в Лок Модан?'),
(@GOPTION+5, 6, 2, 'Серебрянный Бор', 1, 1, 0, 0, @GSCRIPT+80, 0, 0, 'Вы уверены, что вы хотите попасть в Серебрянный Бор?'),
(@GOPTION+5, 7, 2, 'Западный край', 1, 1, 0, 0, @GSCRIPT+81, 0, 0, 'Вы уверены, что вы хотите попасть в Западный край?'),
(@GOPTION+5, 8, 2, 'Красногорье', 1, 1, 0, 0, @GSCRIPT+82, 0, 0, 'Вы уверены, что вы хотите попасть в Красногорье?'),
(@GOPTION+5, 9, 2, 'Темнолесье', 1, 1, 0, 0, @GSCRIPT+83, 0, 0, 'Вы уверены, что вы хотите попасть в Темнолесье?'),
(@GOPTION+5, 10, 2, 'Предгорья Хилсбрада', 1, 1, 0, 0, @GSCRIPT+84, 0, 0, 'Вы уверены, что вы хотите попасть в Предгорья Хилсбрада?'),
(@GOPTION+5, 11, 2, 'Болотина', 1, 1, 0, 0, @GSCRIPT+85, 0, 0, 'Вы уверены, что вы хотите попасть в Болотину?'),
(@GOPTION+5, 12, 2, 'Альтеракские горы', 1, 1, 0, 0, @GSCRIPT+86, 0, 0, 'Вы уверены, что вы хотите попасть в Альтеракские горы?'),
(@GOPTION+5, 13, 2, 'Нагорье Арати', 1, 1, 0, 0, @GSCRIPT+87, 0, 0, 'Вы уверены, что вы хотите попасть на Нагорье Арати?'),
(@GOPTION+5, 14, 2, 'Тернистая долина', 1, 1, 0, 0, @GSCRIPT+88, 0, 0, 'Вы уверены, что вы хотите попасть в Тернистую долину?'),
(@GOPTION+5, 15, 2, 'Бесплодные земли', 1, 1, 0, 0, @GSCRIPT+89, 0, 0, 'Вы уверены, что вы хотите попасть в Бесплодные земли?'),
(@GOPTION+5, 16, 2, 'Болото печали', 1, 1, 0, 0, @GSCRIPT+90, 0, 0, 'Вы уверены, что вы хотите попасть на Болото печали?'),
(@GOPTION+5, 17, 2, 'Внутренние земли', 1, 1, 0, 0, @GSCRIPT+91, 0, 0, 'Вы уверены, что вы хотите попасть во Внутренние земли?'),
(@GOPTION+5, 18, 2, 'Тлеющее ущелье', 1, 1, 0, 0, @GSCRIPT+92, 0, 0, 'Вы уверены, что вы хотите попасть в Тлеющее ущелье?'),
(@GOPTION+5, 19, 2, 'Выжженные земли', 1, 1, 0, 0, @GSCRIPT+93, 0, 0, 'Вы уверены, что вы хотите попасть на Выжженные земли?'),
(@GOPTION+5, 20, 2, 'Пылающие степи', 1, 1, 0, 0, @GSCRIPT+94, 0, 0, 'Вы уверены, что вы хотите попасть в Пылающие степи?'),
(@GOPTION+5, 21, 2, 'Западные Чумные земли', 1, 1, 0, 0, @GSCRIPT+95, 0, 0, 'Вы уверены, что вы хотите попасть в Западные Чумные земли?'),
(@GOPTION+5, 22, 2, 'Восточные Чумные земли', 1, 1, 0, 0, @GSCRIPT+96, 0, 0, 'Вы уверены, что вы хотите попасть в Восточные Чумные земли?'),
(@GOPTION+5, 23, 2, 'Остров Кель\'Данас', 1, 1, 0, 0, @GSCRIPT+97, 0, 0, 'Вы уверены, что вы хотите попасть на Остров Кель\'Данас?'),
(@GOPTION+5, 24, 7, 'Назад...', 1, 1, @GOPTION, 0, 0, 0, 0, NULL),
(@GOPTION+6, 0, 2, 'Остров лазурной дымки', 1, 1, 0, 0, @GSCRIPT+98, 0, 0, 'Вы уверены, что вы хотите попасть на Остров лазурной дымки?'),
(@GOPTION+6, 1, 2, 'Тельдрассил', 1, 1, 0, 0, @GSCRIPT+99, 0, 0, 'Вы уверены, что вы хотите попасть в Тельдрассил?'),
(@GOPTION+6, 2, 2, 'Дуротар', 1, 1, 0, 0, @GSCRIPT+100, 0, 0, 'Вы уверены, что вы хотите попасть в Дуротар?'),
(@GOPTION+6, 3, 2, 'Мулгор', 1, 1, 0, 0, @GSCRIPT+101, 0, 0, 'Вы уверены, что вы хотите попасть в Мулгор?'),
(@GOPTION+6, 4, 2, 'Остров кровавой дымки', 1, 1, 0, 0, @GSCRIPT+102, 0, 0, 'Вы уверены, что вы хотите попасть на Остров кровавой дымки?'),
(@GOPTION+6, 5, 2, 'Темные берега', 1, 1, 0, 0, @GSCRIPT+103, 0, 0, 'Вы уверены, что вы хотите попасть на Темные берега?'),
(@GOPTION+6, 6, 2, 'Степи', 1, 1, 0, 0, @GSCRIPT+104, 0, 0, 'Вы уверены, что вы хотите попасть в Степи?'),
(@GOPTION+6, 7, 2, 'Когтистые горы', 1, 1, 0, 0, @GSCRIPT+105, 0, 0, 'Вы уверены, что вы хотите попасть на Когтистые горы?'),
(@GOPTION+6, 8, 2, 'Ясеневый лес', 1, 1, 0, 0, @GSCRIPT+106, 0, 0, 'Вы уверены, что вы хотите попасть в Ясеневый лес?'),
(@GOPTION+6, 9, 2, 'Тысяча игл', 1, 1, 0, 0, @GSCRIPT+107, 0, 0, 'Вы уверены, что вы хотите попасть в Тысяча игл?'),
(@GOPTION+6, 10, 2, 'Пустоши', 1, 1, 0, 0, @GSCRIPT+108, 0, 0, 'Вы уверены, что вы хотите попасть в Пустоши?'),
(@GOPTION+6, 11, 2, 'Пылевые топи', 1, 1, 0, 0, @GSCRIPT+109, 0, 0, 'Вы уверены, что вы хотите попасть в Пылевые топи?'),
(@GOPTION+6, 12, 2, 'Фералас', 1, 1, 0, 0, @GSCRIPT+110, 0, 0, 'Вы уверены, что вы хотите попасть в Фералас?'),
(@GOPTION+6, 13, 2, 'Танарис', 1, 1, 0, 0, @GSCRIPT+111, 0, 0, 'Вы уверены, что вы хотите попасть в Танарис?'),
(@GOPTION+6, 14, 2, 'Азшара', 1, 1, 0, 0, @GSCRIPT+112, 0, 0, 'Вы уверены, что вы хотите попасть в Азшару?'),
(@GOPTION+6, 15, 2, 'Оскверненный лес', 1, 1, 0, 0, @GSCRIPT+113, 0, 0, 'Вы уверены, что вы хотите попасть в Оскверненный лес?'),
(@GOPTION+6, 16, 2, 'Кратер Ун\'Горо', 1, 1, 0, 0, @GSCRIPT+114, 0, 0, 'Вы уверены, что вы хотите попасть в Кратер Ун\'Горо?'),
(@GOPTION+6, 17, 2, 'Силитус', 1, 1, 0, 0, @GSCRIPT+115, 0, 0, 'Вы уверены, что вы хотите попасть в Силитус?'),
(@GOPTION+6, 18, 2, 'Зимние ключи', 1, 1, 0, 0, @GSCRIPT+116, 0, 0, 'Вы уверены, что вы хотите попасть на Зимние ключи?'),
(@GOPTION+6, 19, 7, 'Назад...', 1, 1, @GOPTION, 0, 0, 0, 0, NULL),
(@GOPTION+7, 0, 2, 'Полуостров Адского пламени', 1, 1, 0, 0, @GSCRIPT+117, 0, 0, 'Вы уверены, что вы хотите попасть на Полуостров Адского пламени?'),
(@GOPTION+7, 1, 2, 'Зангартопь', 1, 1, 0, 0, @GSCRIPT+118, 0, 0, 'Вы уверены, что вы хотите попасть в Зангартопь?'),
(@GOPTION+7, 2, 2, 'Лес Тероккар', 1, 1, 0, 0, @GSCRIPT+119, 0, 0, 'Вы уверены, что вы хотите попасть в Лес Тероккар?'),
(@GOPTION+7, 3, 2, 'Награнд', 1, 1, 0, 0, @GSCRIPT+120, 0, 0, 'Вы уверены, что вы хотите попасть в Награнд?'),
(@GOPTION+7, 4, 2, 'Острогорье', 1, 1, 0, 0, @GSCRIPT+121, 0, 0, 'Вы уверены, что вы хотите попасть в Острогорье?'),
(@GOPTION+7, 5, 2, 'Пустоверть', 1, 1, 0, 0, @GSCRIPT+122, 0, 0, 'Вы уверены, что вы хотите попасть в Пустоверть?'),
(@GOPTION+7, 6, 2, 'Долина призрачной луны', 1, 1, 0, 0, @GSCRIPT+123, 0, 0, 'Вы уверены, что вы хотите попасть в Долину призрачной луны?'),
(@GOPTION+7, 7, 7, 'Назад...', 1, 1, @GOPTION, 0, 0, 0, 0, NULL),
(@GOPTION+8, 0, 2, 'Борейская тундра', 1, 1, 0, 0, @GSCRIPT+124, 0, 0, 'Вы уверены, что вы хотите попасть в Борейскую тундру?'),
(@GOPTION+8, 1, 2, 'Ревущий фьорд', 1, 1, 0, 0, @GSCRIPT+125, 0, 0, 'Вы уверены, что вы хотите попасть в Ревущий фьорд?'),
(@GOPTION+8, 2, 2, 'Драконий погост', 1, 1, 0, 0, @GSCRIPT+126, 0, 0, 'Вы уверены, что вы хотите попасть на Драконий погост?'),
(@GOPTION+8, 3, 2, 'Седые холмы', 1, 1, 0, 0, @GSCRIPT+127, 0, 0, 'Вы уверены, что вы хотите попасть на Седые холмы?'),
(@GOPTION+8, 4, 2, 'Зул\'Драк', 1, 1, 0, 0, @GSCRIPT+128, 0, 0, 'Вы уверены, что вы хотите попасть в Зул\'Драк?'),
(@GOPTION+8, 5, 2, 'Низина Шолазар', 1, 1, 0, 0, @GSCRIPT+129, 0, 0, 'Вы уверены, что вы хотите попасть в Низина Шолазар?'),
(@GOPTION+8, 6, 2, 'Хрустальная песня', 1, 1, 0, 0, @GSCRIPT+130, 0, 0, 'Вы уверены, что вы хотите попасть в Хрустальная песня?'),
(@GOPTION+8, 7, 2, 'Грозовая гряда', 1, 1, 0, 0, @GSCRIPT+132, 0, 0, 'Вы уверены, что вы хотите попасть в Грозовую гряду?'),
(@GOPTION+8, 8, 2, 'Ледяная корона', 1, 1, 0, 0, @GSCRIPT+133, 0, 0, 'Вы уверены, что вы хотите попасть в Ледяную корону?'),
(@GOPTION+8, 9, 2, 'Озеро ледяных оков', 1, 1, 0, 0, @GSCRIPT+134, 0, 0, 'Вы уверены, что вы хотите попасть на Озеро ледяных оков?'),
(@GOPTION+8, 10, 7, 'Назад...', 1, 1, @GOPTION, 0, 0, 0, 0, NULL);

-- Text shown in the menus

INSERT INTO npc_text (ID, text0_0, em0_1) 
VALUES (@NPCTXT+4, 'Куда бы ты хотел попасть?$B', 0),
(@NPCTXT+3, 'Будь осторожен в выборе подземелья.$B', 0),
(@NPCTXT+2, 'Подземелья:?$B', 0),
(@NPCTXT+1, 'За Альянс!$B', 6),
(@NPCTXT, 'За Орду!$B', 6);

-- Porting scripts

INSERT INTO gossip_scripts (id, delay, command, datalong, datalong2, dataint, x, y, z, o) 
VALUES (@GSCRIPT, 0, 6, 0, 0, 0, -8842.09, 626.358, 94.0867, 3.61363),
(@GSCRIPT+1, 0, 6, 1, 0, 0, 1601.08, -4378.69, 9.9846, 2.14362),
(@GSCRIPT+2, 0, 6, 0, 0, 0, -14281.9, 552.564, 8.90422, 0.860144),
(@GSCRIPT+3, 0, 6, 530, 0, 0, -1887.62, 5359.09, -12.4279, 4.40435),
(@GSCRIPT+5, 0, 6, 571, 0, 0, 5809.55, 503.975, 657.526, 2.38338),
(@GSCRIPT+6, 0, 6, 0, 0, 0, -13181.8, 339.356, 42.9805, 1.18013),
(@GSCRIPT+8, 0, 6, 1, 0, 0, 9869.91, 2493.58, 1315.88, 2.78897),
(@GSCRIPT+9, 0, 6, 0, 0, 0, -4919.94, -982.083, 501.46, 5.12894),
(@GSCRIPT+10, 0, 6, 530, 0, 0, -3864.92, -11643.7, -137.644, 5.50862),
(@GSCRIPT+11, 0, 6, 1, 0, 0, -1274.45, 71.8601, 128.159, 2.80623),
(@GSCRIPT+12, 0, 6, 0, 0, 0, 1633.75, 240.167, -43.1034, 6.26128),
(@GSCRIPT+13, 0, 6, 530, 0, 0, 9738.28, -7454.19, 13.5605, 0.043914),
(@GSCRIPT+14, 0, 6, 0, 0, 0, -5163.54, 925.423, 257.181, 1.57423),
(@GSCRIPT+15, 0, 6, 0, 0, 0, -11209.6, 1666.54, 24.6974, 1.42053),
(@GSCRIPT+16, 0, 6, 0, 0, 0, -8799.15, 832.718, 97.6348, 6.04085),
(@GSCRIPT+17, 0, 6, 1, 0, 0, 1811.78, -4410.5, -18.4704, 5.20165),
(@GSCRIPT+18, 0, 6, 1, 0, 0, -4657.3, -2519.35, 81.0529, 4.54808),
(@GSCRIPT+19, 0, 6, 1, 0, 0, -4470.28, -1677.77, 81.3925, 1.16302),
(@GSCRIPT+20, 0, 6, 0, 0, 0, 2873.15, -764.523, 160.332, 5.10447),
(@GSCRIPT+21, 0, 6, 0, 0, 0, -234.675, 1561.63, 76.8921, 1.24031),
(@GSCRIPT+22, 0, 6, 1, 0, 0, -731.607, -2218.39, 17.0281, 2.78486),
(@GSCRIPT+23, 0, 6, 1, 0, 0, 4249.99, 740.102, -25.671, 1.34062),
(@GSCRIPT+24, 0, 6, 0, 0, 0, -7179.34, -921.212, 165.821, 5.09599),
(@GSCRIPT+25, 0, 6, 0, 0, 0, -7527.05, -1226.77, 285.732, 5.29626),
(@GSCRIPT+26, 0, 6, 1, 0, 0, -3520.14, 1119.38, 161.025, 4.70454),
(@GSCRIPT+27, 0, 6, 1, 0, 0, -1421.42, 2907.83, 137.415, 1.70718),
(@GSCRIPT+28, 0, 6, 0, 0, 0, 1269.64, -2556.21, 93.6088, 0.620623),
(@GSCRIPT+29, 0, 6, 0, 0, 0, 3352.92, -3379.03, 144.782, 6.25978),
(@GSCRIPT+30, 0, 6, 0, 0, 0, -10177.9, -3994.9, -111.239, 6.01885),
(@GSCRIPT+31, 0, 6, 0, 0, 0, -6071.37, -2955.16, 209.782, 0.015708),
(@GSCRIPT+32, 0, 6, 1, 0, 0, -6801.19, -2893.02, 9.00388, 0.158639),
(@GSCRIPT+33, 0, 6, 530, 0, 0, -3324.49, 4943.45, -101.239, 4.63901),
(@GSCRIPT+34, 0, 6, 1, 0, 0, -8369.65, -4253.11, -204.272, -2.70526),
(@GSCRIPT+35, 0, 6, 530, 0, 0, 738.865, 6865.77, -69.4659, 6.27655),
(@GSCRIPT+36, 0, 6, 530, 0, 0, -347.29, 3089.82, 21.394, 5.68114),
(@GSCRIPT+37, 0, 6, 530, 0, 0, 12884.6, -7317.69, 65.5023, 4.799),
(@GSCRIPT+38, 0, 6, 530, 0, 0, 3100.48, 1536.49, 190.3, 4.62226),
(@GSCRIPT+39, 0, 6, 571, 0, 0, 3707.86, 2150.23, 36.76, 3.22),
(@GSCRIPT+40, 0, 6, 1, 0, 0, -8756.39, -4440.68, -199.489, 4.66289),
(@GSCRIPT+41, 0, 6, 571, 0, 0, 8590.95, 791.792, 558.235, 3.13127),
(@GSCRIPT+42, 0, 6, 571, 0, 0, 4765.59, -2038.24, 229.363, 0.887627),
(@GSCRIPT+43, 0, 6, 571, 0, 0, 6722.44, -4640.67, 450.632, 3.91123),
(@GSCRIPT+44, 0, 6, 571, 0, 0, 5643.16, 2028.81, 798.274, 4.60242),
(@GSCRIPT+45, 0, 6, 571, 0, 0, 3782.89, 6965.23, 105.088, 6.14194),
(@GSCRIPT+46, 0, 6, 571, 0, 0, 5693.08, 502.588, 652.672, 4.0229),
(@GSCRIPT+47, 0, 6, 571, 0, 0, 9136.52, -1311.81, 1066.29, 5.19113),
(@GSCRIPT+48, 0, 6, 571, 0, 0, 8922.12, -1009.16, 1039.56, 1.57044),
(@GSCRIPT+49, 0, 6, 571, 0, 0, 1203.41, -4868.59, 41.2486, 0.283237),
(@GSCRIPT+50, 0, 6, 571, 0, 0, 1267.24, -4857.3, 215.764, 3.22768),
(@GSCRIPT+51, 0, 6, 530, 0, 0, -3649.92, 317.469, 35.2827, 2.94285),
(@GSCRIPT+52, 0, 6, 229, 0, 0, 152.451, -474.881, 116.84, 0.001073),
(@GSCRIPT+53, 0, 6, 1, 0, 0, -8177.89, -4181.23, -167.552, 0.913338),
(@GSCRIPT+54, 0, 6, 530, 0, 0, 797.855, 6865.77, -65.4165, 0.005938),
(@GSCRIPT+55, 0, 6, 571, 0, 0, 8515.61, 714.153, 558.248, 1.57753),
(@GSCRIPT+56, 0, 6, 530, 0, 0, 3530.06, 5104.08, 3.50861, 5.51117),
(@GSCRIPT+57, 0, 6, 530, 0, 0, -336.411, 3130.46, -102.928, 5.20322),
(@GSCRIPT+58, 0, 6, 571, 0, 0, 5855.22, 2102.03, 635.991, 3.57899),
(@GSCRIPT+59, 0, 6, 0, 0, 0, -11118.9, -2010.33, 47.0819, 0.649895),
(@GSCRIPT+60, 0, 6, 230, 0, 0, 1126.64, -459.94, -102.535, 3.46095),
(@GSCRIPT+61, 0, 6, 571, 0, 0, 3668.72, -1262.46, 243.622, 4.785),
(@GSCRIPT+62, 0, 6, 1, 0, 0, -4708.27, -3727.64, 54.5589, 3.72786),
(@GSCRIPT+63, 0, 6, 1, 0, 0, -8409.82, 1499.06, 27.7179, 2.51868),
(@GSCRIPT+64, 0, 6, 530, 0, 0, 12574.1, -6774.81, 15.0904, 3.13788),
(@GSCRIPT+65, 0, 6, 530, 0, 0, 3088.49, 1381.57, 184.863, 4.61973),
(@GSCRIPT+66, 0, 6, 1, 0, 0, -8240.09, 1991.32, 129.072, 0.941603),
(@GSCRIPT+67, 0, 6, 571, 0, 0, 3784.17, 7028.84, 161.258, 5.79993),
(@GSCRIPT+68, 0, 6, 571, 0, 0, 3472.43, 264.923, -120.146, 3.27923),
(@GSCRIPT+69, 0, 6, 571, 0, 0, 9222.88, -1113.59, 1216.12, 6.27549),
(@GSCRIPT+70, 0, 6, 571, 0, 0, 5453.72, 2840.79, 421.28, 0),
(@GSCRIPT+72, 0, 6, 0, 0, 0, -11916.7, -1215.72, 92.289, 4.72454),
(@GSCRIPT+73, 0, 6, 530, 0, 0, 6851.78, -7972.57, 179.242, 4.64691),
(@GSCRIPT+74, 0, 6, 0, 0, 0, -9449.06, 64.8392, 56.3581, 3.07047),
(@GSCRIPT+75, 0, 6, 530, 0, 0, 9024.37, -6682.55, 16.8973, 3.14131),
(@GSCRIPT+76, 0, 6, 0, 0, 0, -5603.76, -482.704, 396.98, 5.23499),
(@GSCRIPT+77, 0, 6, 0, 0, 0, 2274.95, 323.918, 34.1137, 4.24367),
(@GSCRIPT+78, 0, 6, 530, 0, 0, 7595.73, -6819.6, 84.3718, 2.56561),
(@GSCRIPT+79, 0, 6, 0, 0, 0, -5405.85, -2894.15, 341.972, 5.48238),
(@GSCRIPT+80, 0, 6, 0, 0, 0, 505.126, 1504.63, 124.808, 1.77987),
(@GSCRIPT+81, 0, 6, 0, 0, 0, -10684.9, 1033.63, 32.5389, 6.07384),
(@GSCRIPT+82, 0, 6, 0, 0, 0, -9447.8, -2270.85, 71.8224, 0.283853),
(@GSCRIPT+83, 0, 6, 0, 0, 0, -10531.7, -1281.91, 38.8647, 1.56959),
(@GSCRIPT+84, 0, 6, 0, 0, 0, -385.805, -787.954, 54.6655, 1.03926),
(@GSCRIPT+85, 0, 6, 0, 0, 0, -3517.75, -913.401, 8.86625, 2.60705),
(@GSCRIPT+86, 0, 6, 0, 0, 0, 275.049, -652.044, 130.296, 0.502032),
(@GSCRIPT+87, 0, 6, 0, 0, 0, -1581.45, -2704.06, 35.4168, 0.490373),
(@GSCRIPT+88, 0, 6, 0, 0, 0, -11921.7, -59.544, 39.7262, 3.73574),
(@GSCRIPT+89, 0, 6, 0, 0, 0, -6782.56, -3128.14, 240.48, 5.65912),
(@GSCRIPT+90, 0, 6, 0, 0, 0, -10368.6, -2731.3, 21.6537, 5.29238),
(@GSCRIPT+91, 0, 6, 0, 0, 0, 112.406, -3929.74, 136.358, 0.981903),
(@GSCRIPT+92, 0, 6, 0, 0, 0, -6686.33, -1198.55, 240.027, 0.916887),
(@GSCRIPT+93, 0, 6, 0, 0, 0, -11184.7, -3019.31, 7.29238, 3.20542),
(@GSCRIPT+94, 0, 6, 0, 0, 0, -7979.78, -2105.72, 127.919, 5.10148),
(@GSCRIPT+95, 0, 6, 0, 0, 0, 1743.69, -1723.86, 59.6648, 5.23722),
(@GSCRIPT+96, 0, 6, 0, 0, 0, 2280.64, -5275.05, 82.0166, 4.7479),
(@GSCRIPT+97, 0, 6, 530, 0, 0, 12806.5, -6911.11, 41.1156, 2.22935),
(@GSCRIPT+98, 0, 6, 530, 0, 0, -4192.62, -12576.7, 36.7598, 1.62813),
(@GSCRIPT+99, 0, 6, 1, 0, 0, 9889.03, 915.869, 1307.43, 1.9336),
(@GSCRIPT+100, 0, 6, 1, 0, 0, 228.978, -4741.87, 10.1027, 0.416883),
(@GSCRIPT+101, 0, 6, 1, 0, 0, -2473.87, -501.225, -9.42465, 0.6525),
(@GSCRIPT+102, 0, 6, 530, 0, 0, -2095.7, -11841.1, 51.1557, 6.19288),
(@GSCRIPT+103, 0, 6, 1, 0, 0, 6463.25, 683.986, 8.92792, 4.33534),
(@GSCRIPT+104, 0, 6, 1, 0, 0, -575.772, -2652.45, 95.6384, 0.006469),
(@GSCRIPT+105, 0, 6, 1, 0, 0, 1574.89, 1031.57, 137.442, 3.8013),
(@GSCRIPT+106, 0, 6, 1, 0, 0, 1919.77, -2169.68, 94.6729, 6.14177),
(@GSCRIPT+107, 0, 6, 1, 0, 0, -5375.53, -2509.2, -40.432, 2.41885),
(@GSCRIPT+108, 0, 6, 1, 0, 0, -656.056, 1510.12, 88.3746, 3.29553),
(@GSCRIPT+109, 0, 6, 1, 0, 0, -3350.12, -3064.85, 33.0364, 5.12666),
(@GSCRIPT+110, 0, 6, 1, 0, 0, -4808.31, 1040.51, 103.769, 2.90655),
(@GSCRIPT+111, 0, 6, 1, 0, 0, -6940.91, -3725.7, 48.9381, 3.11174),
(@GSCRIPT+112, 0, 6, 1, 0, 0, 3117.12, -4387.97, 91.9059, 5.49897),
(@GSCRIPT+113, 0, 6, 1, 0, 0, 3898.8, -1283.33, 220.519, 6.24307),
(@GSCRIPT+114, 0, 6, 1, 0, 0, -6291.55, -1158.62, -258.138, 0.457099),
(@GSCRIPT+115, 0, 6, 1, 0, 0, -6815.25, 730.015, 40.9483, 2.39066),
(@GSCRIPT+116, 0, 6, 1, 0, 0, 6658.57, -4553.48, 718.019, 5.18088),
(@GSCRIPT+117, 0, 6, 530, 0, 0, -207.335, 2035.92, 96.464, 1.59676),
(@GSCRIPT+118, 0, 6, 530, 0, 0, -220.297, 5378.58, 23.3223, 1.61718),
(@GSCRIPT+119, 0, 6, 530, 0, 0, -2266.23, 4244.73, 1.47728, 3.68426),
(@GSCRIPT+120, 0, 6, 530, 0, 0, -1610.85, 7733.62, -17.2773, 1.33522),
(@GSCRIPT+121, 0, 6, 530, 0, 0, 2029.75, 6232.07, 133.495, 1.30395),
(@GSCRIPT+122, 0, 6, 530, 0, 0, 3271.2, 3811.61, 143.153, 3.44101),
(@GSCRIPT+123, 0, 6, 530, 0, 0, -3681.01, 2350.76, 76.587, 4.25995),
(@GSCRIPT+124, 0, 6, 571, 0, 0, 2954.24, 5379.13, 60.4538, 2.55544),
(@GSCRIPT+125, 0, 6, 571, 0, 0, 682.848, -3978.3, 230.161, 1.54207),
(@GSCRIPT+126, 0, 6, 571, 0, 0, 2678.17, 891.826, 4.37494, 0.101121),
(@GSCRIPT+127, 0, 6, 571, 0, 0, 4017.35, -3403.85, 290, 5.35431),
(@GSCRIPT+128, 0, 6, 571, 0, 0, 5560.23, -3211.66, 371.709, 5.55055),
(@GSCRIPT+129, 0, 6, 571, 0, 0, 5614.67, 5818.86, -69.722, 3.60807),
(@GSCRIPT+130, 0, 6, 571, 0, 0, 5411.17, -966.37, 167.082, 1.57167),
(@GSCRIPT+132, 0, 6, 571, 0, 0, 6120.46, -1013.89, 408.39, 5.12322),
(@GSCRIPT+133, 0, 6, 571, 0, 0, 8323.28, 2763.5, 655.093, 2.87223),
(@GSCRIPT+134, 0, 6, 571, 0, 0, 4522.23, 2828.01, 389.975, 0.215009);